ID,Name,Lon,Lat,Demand,Category
0,Distribution Center,105.3432,29.3973,0,0
1,Kotli Sattian,105.3413,29.3963,11,3
2,Rawalakot,105.3485,29.3986,13,3
3,Pallandri,105.3464,29.3895,8,3
4,Azad Pattan Gul,105.333,29.3725,5,3
5,Bhurban,105.3306,29.3853,10,3
6,Kohala,105.3307,29.3942,2,3
7,DhiKot,105.3272,29.4062,4,3
8,Baloch,105.34,29.3966,6,3
9,Bagh,105.3504,29.4065,15,1
10,Sudhan Galli,105.3634,29.3857,9,3
11,Abbaspur,105.3773,29.3826,12,2
12,Mandhar,105.3405,29.37,7,3
13,Mandhole,105.3847,29.3997,7,2
14,Nambla,105.3748,29.4278,9,3
15,Chaktroo,105.3905,29.4175,11,3
16,Farwad Rahuta,105.3965,29.4241,7,3
17,Hajira,105.3679,29.3932,4,3
18,Chakothi,105.3585,29.4019,9,3
19,Nar Sher Ali Khan,105.3675,29.4164,12,2
20,Sailani,105.4034,29.415,17,3
21,Haveli Azad Kashmir,105.3759,29.412,2,3
